Name,Rank,Number,Percent
SMITH,1,2376206,0.88085
JOHNSON,2,1857160,0.68844
WILLIAMS,3,1534042,0.56866
BROWN,4,1380145,0.51162
JONES,5,1362755,0.50517
MILLER,6,1127803,0.41807
DAVIS,7,1072335,0.39751
GARCIA,8,858289,0.31817
RODRIGUEZ,9,804240,0.29813
WILSON,10,783051,0.29027
MARTINEZ,11,775072,0.28732
ANDERSON,12,762394,0.28262
TAYLOR,13,720370,0.26704
THOMAS,14,710696,0.26345
HERNANDEZ,15,706372,0.26185
MOORE,16,698671,0.259
MARTIN,17,672711,0.24937
JACKSON,18,666125,0.24693
THOMPSON,19,644368,0.23887
WHITE,20,639515,0.23707
LOPEZ,21,621536,0.2304
LEE,22,605860,0.22459
GONZALEZ,23,597718,0.22157
HARRIS,24,593542,0.22002
CLARK,25,548369,0.20328
LEWIS,26,509930,0.18903
ROBINSON,27,503028,0.18647
WALKER,28,501307,0.18583
PEREZ,29,488521,0.18109
HALL,30,473568,0.17555
YOUNG,31,465948,0.17273
ALLEN,32,463368,0.17177
SANCHEZ,33,441242,0.16357
WRIGHT,34,440367,0.16324
KING,35,438986,0.16273
SCOTT,36,420091,0.15573
GREEN,37,413477,0.15327
BAKER,38,413351,0.15323
ADAMS,39,413086,0.15313
NELSON,40,412236,0.15281
HILL,41,411770,0.15264
RAMIREZ,42,388987,0.1442
CAMPBELL,43,371953,0.13788
MITCHELL,44,367433,0.13621
ROBERTS,45,366215,0.13575
CARTER,46,362548,0.1344
PHILLIPS,47,351848,0.13043
EVANS,48,342237,0.12687
TURNER,49,335663,0.12443
TORRES,50,325169,0.12054
PARKER,51,324246,0.1202
COLLINS,52,317848,0.11783
EDWARDS,53,317070,0.11754
STEWART,54,312899,0.11599
FLORES,55,312615,0.11589
MORRIS,56,311754,0.11557
NGUYEN,57,310125,0.11496
MURPHY,58,300501,0.11139
RIVERA,59,299463,0.11101
COOK,60,294795,0.10928
ROGERS,61,294403,0.10913
MORGAN,62,276400,0.10246
PETERSON,63,275041,0.10196
COOPER,64,270097,0.10012
REED,65,267443,0.09914
BAILEY,66,265916,0.09857
BELL,67,264752,0.09814
GOMEZ,68,263590,0.09771
KELLY,69,260385,0.09652
HOWARD,70,254779,0.09445
WARD,71,254121,0.0942
COX,72,253771,0.09407
DIAZ,73,251772,0.09333
RICHARDSON,74,249533,0.0925
WOOD,75,247299,0.09167
WATSON,76,242432,0.08987
BROOKS,77,240751,0.08925
BENNETT,78,239055,0.08862
GRAY,79,236713,0.08775
JAMES,80,233224,0.08646
REYES,81,232511,0.08619
CRUZ,82,231065,0.08566
HUGHES,83,229390,0.08503
PRICE,84,228756,0.0848
MYERS,85,224824,0.08334
LONG,86,223494,0.08285
FOSTER,87,221040,0.08194
SANDERS,88,220902,0.08189
ROSS,89,219961,0.08154
MORALES,90,217642,0.08068
POWELL,91,216553,0.08028
SULLIVAN,92,215640,0.07994
RUSSELL,93,215432,0.07986
ORTIZ,94,214683,0.07958
JENKINS,95,213737,0.07923
GUTIERREZ,96,212905,0.07892
PERRY,97,212644,0.07883
BUTLER,98,210879,0.07817
BARNES,99,210426,0.078
FISHER,100,210279,0.07795
HENDERSON,101,210094,0.07788
COLEMAN,102,208624,0.07734
SIMMONS,103,201650,0.07475
PATTERSON,104,198557,0.0736
JORDAN,105,197212,0.07311
REYNOLDS,106,195598,0.07251
HAMILTON,107,194331,0.07204
GRAHAM,108,194074,0.07194
KIM,109,194067,0.07194
GONZALES,110,193934,0.07189
ALEXANDER,111,193443,0.07171
RAMOS,112,193096,0.07158
WALLACE,113,190760,0.07071
GRIFFIN,114,190636,0.07067
WEST,115,188464,0.06986
COLE,116,187793,0.06961
HAYES,117,187473,0.0695
CHAVEZ,118,185865,0.0689
GIBSON,119,184420,0.06836
BRYANT,120,183761,0.06812
ELLIS,121,181934,0.06744
STEVENS,122,181417,0.06725
MURRAY,123,178414,0.06614
FORD,124,178397,0.06613
MARSHALL,125,177213,0.06569
OWENS,126,176334,0.06537
MCDONALD,127,176094,0.06528
HARRISON,128,175577,0.06509
RUIZ,129,175429,0.06503
KENNEDY,130,171636,0.06362
WELLS,131,170635,0.06325
ALVAREZ,132,168817,0.06258
WOODS,133,168814,0.06258
MENDOZA,134,168567,0.06249
CASTILLO,135,165473,0.06134
OLSON,136,163502,0.06061
WEBB,137,163481,0.0606
WASHINGTON,138,163036,0.06044
TUCKER,139,162933,0.0604
FREEMAN,140,162686,0.06031
BURNS,141,162153,0.06011
HENRY,142,161392,0.05983
VASQUEZ,143,159989,0.05931
SNYDER,144,159363,0.05908
SIMPSON,145,158241,0.05866
CRAWFORD,146,158121,0.05861
JIMENEZ,147,157475,0.05838
PORTER,148,156848,0.05814
MASON,149,155484,0.05764
SHAW,150,155172,0.05752
GORDON,151,154934,0.05743
WAGNER,152,154516,0.05728
HUNTER,153,154410,0.05724
ROMERO,154,153772,0.057
HICKS,155,153618,0.05695
DIXON,156,152015,0.05635
HUNT,157,151986,0.05634
PALMER,158,150407,0.05576
ROBERTSON,159,150299,0.05572
BLACK,160,150186,0.05567
HOLMES,161,150166,0.05567
STONE,162,149802,0.05553
MEYER,163,149664,0.05548
BOYD,164,149476,0.05541
MILLS,165,147909,0.05483
WARREN,166,147906,0.05483
FOX,167,147357,0.05462
ROSE,168,146924,0.05446
RICE,169,146440,0.05428
MORENO,170,146088,0.05415
SCHMIDT,171,145565,0.05396
PATEL,172,145066,0.05378
FERGUSON,173,142256,0.05273
NICHOLS,174,141936,0.05262
HERRERA,175,140786,0.05219
MEDINA,176,139353,0.05166
RYAN,177,139335,0.05165
FERNANDEZ,178,139302,0.05164
WEAVER,179,138811,0.05146
DANIELS,180,138776,0.05144
STEPHENS,181,138742,0.05143
GARDNER,182,138660,0.0514
PAYNE,183,138028,0.05117
KELLEY,184,137555,0.05099
DUNN,185,136955,0.05077
PIERCE,186,136517,0.05061
ARNOLD,187,136315,0.05053
TRAN,188,136095,0.05045
SPENCER,189,134443,0.04984
PETERS,190,134231,0.04976
HAWKINS,191,134066,0.0497
GRANT,192,134034,0.04969
HANSEN,193,133474,0.04948
CASTRO,194,133254,0.0494
HOFFMAN,195,132645,0.04917
HART,196,132466,0.0491
ELLIOTT,197,132457,0.0491
CUNNINGHAM,198,131896,0.04889
KNIGHT,199,131860,0.04888
BRADLEY,200,131289,0.04867
CARROLL,201,131020,0.04857
HUDSON,202,130793,0.04848
DUNCAN,203,130419,0.04835
ARMSTRONG,204,129982,0.04818
BERRY,205,129405,0.04797
ANDREWS,206,129320,0.04794
JOHNSTON,207,128935,0.0478
RAY,208,128794,0.04774
LANE,209,128727,0.04772
RILEY,210,127960,0.04743
CARPENTER,211,127073,0.04711
PERKINS,212,126951,0.04706
AGUILAR,213,126399,0.04686
SILVA,214,126164,0.04677
RICHARDS,215,125653,0.04658
WILLIS,216,125627,0.04657
MATTHEWS,217,124839,0.04628
CHAPMAN,218,124614,0.04619
LAWRENCE,219,124321,0.04609
GARZA,220,124130,0.04601
VARGAS,221,123952,0.04595
WATKINS,222,122447,0.04539
WHEELER,223,121684,0.04511
LARSON,224,121064,0.04488
CARLSON,225,120124,0.04453
HARPER,226,119868,0.04443
GEORGE,227,119778,0.0444
GREENE,228,119604,0.04434
BURKE,229,119175,0.04418
GUZMAN,230,118390,0.04389
MORRISON,231,117939,0.04372
MUNOZ,232,117774,0.04366
JACOBS,233,115540,0.04283
OBRIEN,234,115385,0.04277
LAWSON,235,115186,0.0427
FRANKLIN,236,114859,0.04258
LYNCH,237,114448,0.04243
BISHOP,238,114034,0.04227
CARR,239,113892,0.04222
SALAZAR,240,113468,0.04206
AUSTIN,241,113160,0.04195
MENDEZ,242,112736,0.04179
GILBERT,243,112406,0.04167
JENSEN,244,112332,0.04164
WILLIAMSON,245,112216,0.0416
MONTGOMERY,246,112144,0.04157
HARVEY,247,112136,0.04157
OLIVER,248,111641,0.04138
HOWELL,249,109634,0.04064
DEAN,250,109230,0.04049
HANSON,251,109079,0.04044
WEBER,252,107866,0.03999
GARRETT,253,107777,0.03995
SIMS,254,107244,0.03976
BURTON,255,107158,0.03972
FULLER,256,106682,0.03955
SOTO,257,106631,0.03953
MCCOY,258,106481,0.03947
WELCH,259,105804,0.03922
CHEN,260,105544,0.03912
SCHULTZ,261,104962,0.03891
WALTERS,262,104281,0.03866
REID,263,104007,0.03856
FIELDS,264,103242,0.03827
WALSH,265,103216,0.03826
LITTLE,266,102718,0.03808
FOWLER,267,102620,0.03804
BOWMAN,268,102239,0.0379
DAVIDSON,269,102044,0.03783
MAY,270,101726,0.03771
DAY,271,101676,0.03769
SCHNEIDER,272,100553,0.03727
NEWMAN,273,100491,0.03725
BREWER,274,100465,0.03724
LUCAS,275,100417,0.03722
HOLLAND,276,99885,0.03703
WONG,277,99392,0.03684
BANKS,278,99294,0.03681
SANTOS,279,98993,0.0367
CURTIS,280,98958,0.03668
PEARSON,281,98728,0.0366
DELGADO,282,98675,0.03658
VALDEZ,283,98610,0.03655
PENA,284,98345,0.03646
RIOS,285,96569,0.0358
DOUGLAS,286,96425,0.03574
SANDOVAL,287,96303,0.0357
BARRETT,288,95896,0.03555
HOPKINS,289,94603,0.03507
KELLER,290,94300,0.03496
GUERRERO,291,94152,0.0349
STANLEY,292,93817,0.03478
BATES,293,93743,0.03475
ALVARADO,294,93723,0.03474
BECK,295,93161,0.03453
ORTEGA,296,93131,0.03452
WADE,297,92834,0.03441
ESTRADA,298,92831,0.03441
CONTRERAS,299,92660,0.03435
BARNETT,300,92287,0.03421
CALDWELL,301,91338,0.03386
SANTIAGO,302,90967,0.03372
LAMBERT,303,90618,0.03359
POWERS,304,90401,0.03351
CHAMBERS,305,90325,0.03348
NUNEZ,306,90208,0.03344
CRAIG,307,89591,0.03321
LEONARD,308,89198,0.03307
LOWE,309,89178,0.03306
RHODES,310,88917,0.03296
BYRD,311,88811,0.03292
GREGORY,312,88810,0.03292
SHELTON,313,88326,0.03274
FRAZIER,314,88325,0.03274
BECKER,315,88114,0.03266
MALDONADO,316,88016,0.03263
FLEMING,317,87949,0.0326
VEGA,318,87728,0.03252
SUTTON,319,87373,0.03239
COHEN,320,87226,0.03233
JENNINGS,321,87038,0.03226
PARKS,322,86346,0.03201
MCDANIEL,323,86317,0.032
WATTS,324,86228,0.03196
BARKER,325,85221,0.03159
NORRIS,326,85212,0.03159
VAUGHN,327,85037,0.03152
VAZQUEZ,328,84926,0.03148
HOLT,329,84710,0.0314
SCHWARTZ,330,84699,0.0314
STEELE,331,84353,0.03127
BENSON,332,84233,0.03122
NEAL,333,83849,0.03108
DOMINGUEZ,334,83731,0.03104
HORTON,335,83523,0.03096
TERRY,336,83437,0.03093
WOLFE,337,83112,0.03081
HALE,338,82955,0.03075
LYONS,339,82258,0.03049
GRAVES,340,82179,0.03046
HAYNES,341,82037,0.03041
MILES,342,81933,0.03037
PARK,343,81890,0.03036
WARNER,344,81824,0.03033
PADILLA,345,81805,0.03032
BUSH,346,81524,0.03022
THORNTON,347,81191,0.0301
MCCARTHY,348,81035,0.03004
MANN,349,81022,0.03003
ZIMMERMAN,350,80944,0.03001
ERICKSON,351,80936,0.03
FLETCHER,352,80932,0.03
MCKINNEY,353,80616,0.02988
PAGE,354,80493,0.02984
DAWSON,355,80190,0.02973
JOSEPH,356,80030,0.02967
MARQUEZ,357,79951,0.02964
REEVES,358,79817,0.02959
KLEIN,359,79685,0.02954
ESPINOZA,360,79322,0.0294
BALDWIN,361,79151,0.02934
MORAN,362,78546,0.02912
LOVE,363,78323,0.02903
ROBBINS,364,78141,0.02897
HIGGINS,365,78107,0.02895
BALL,366,77561,0.02875
CORTEZ,367,77492,0.02873
LE,368,77453,0.02871
GRIFFITH,369,77429,0.0287
BOWEN,370,77078,0.02857
SHARP,371,76868,0.02849
CUMMINGS,372,76707,0.02844
RAMSEY,373,76625,0.0284
HARDY,374,76608,0.0284
SWANSON,375,76539,0.02837
BARBER,376,76504,0.02836
ACOSTA,377,76477,0.02835
LUNA,378,76127,0.02822
CHANDLER,379,76114,0.02822
BLAIR,380,75135,0.02785
DANIEL,380,75135,0.02785
CROSS,382,75134,0.02785
SIMON,383,74839,0.02774
DENNIS,384,74784,0.02772
OCONNOR,385,74756,0.02771
QUINN,386,74531,0.02763
GROSS,387,74285,0.02754
NAVARRO,388,73970,0.02742
MOSS,389,73750,0.02734
FITZGERALD,390,73522,0.02725
DOYLE,391,73518,0.02725
MCLAUGHLIN,392,73128,0.02711
ROJAS,393,73071,0.02709
RODGERS,394,73021,0.02707
STEVENSON,395,72892,0.02702
SINGH,396,72642,0.02693
YANG,397,72627,0.02692
FIGUEROA,398,72533,0.02689
HARMON,399,72414,0.02684
NEWTON,400,72328,0.02681
PAUL,401,72248,0.02678
MANNING,402,72069,0.02672
GARNER,403,72052,0.02671
MCGEE,404,71925,0.02666
REESE,405,71754,0.0266
FRANCIS,406,71723,0.02659
BURGESS,407,71604,0.02654
ADKINS,408,71528,0.02652
GOODMAN,409,71482,0.0265
CURRY,410,71344,0.02645
BRADY,411,71175,0.02638
CHRISTENSEN,412,71144,0.02637
POTTER,413,71103,0.02636
WALTON,414,70997,0.02632
GOODWIN,415,70333,0.02607
MULLINS,416,70286,0.02605
MOLINA,417,70211,0.02603
WEBSTER,418,70123,0.02599
FISCHER,419,70095,0.02598
CAMPOS,420,69950,0.02593
AVILA,421,69843,0.02589
SHERMAN,422,69840,0.02589
TODD,423,69810,0.02588
CHANG,424,69756,0.02586
BLAKE,425,69279,0.02568
MALONE,426,69257,0.02567
WOLF,427,68905,0.02554
HODGES,428,68868,0.02553
JUAREZ,429,68785,0.0255
GILL,430,68699,0.02547
FARMER,431,68309,0.02532
HINES,432,68145,0.02526
GALLAGHER,433,68075,0.02524
DURAN,434,68046,0.02522
HUBBARD,435,68021,0.02522
CANNON,436,67923,0.02518
MIRANDA,437,67646,0.02508
WANG,438,67570,0.02505
SAUNDERS,439,67210,0.02491
TATE,440,67208,0.02491
MACK,441,67154,0.02489
HAMMOND,442,67063,0.02486
CARRILLO,443,67054,0.02486
TOWNSEND,444,66853,0.02478
WISE,445,66738,0.02474
INGRAM,446,66665,0.02471
BARTON,447,66622,0.0247
MEJIA,448,66534,0.02466
AYALA,449,66515,0.02466
SCHROEDER,450,66412,0.02462
HAMPTON,451,66378,0.02461
ROWE,452,66205,0.02454
PARSONS,453,66203,0.02454
FRANK,454,65918,0.02444
WATERS,455,65817,0.0244
STRICKLAND,456,65814,0.0244
OSBORNE,457,65802,0.02439
MAXWELL,458,65779,0.02438
CHAN,459,65719,0.02436
DELEON,460,65598,0.02432
NORMAN,461,65269,0.0242
HARRINGTON,462,65131,0.02414
CASEY,463,64815,0.02403
PATTON,464,64772,0.02401
LOGAN,465,64576,0.02394
BOWERS,466,64496,0.02391
MUELLER,467,64305,0.02384
GLOVER,468,64180,0.02379
FLOYD,469,64141,0.02378
HARTMAN,470,63827,0.02366
BUCHANAN,471,63825,0.02366
COBB,472,63739,0.02363
FRENCH,473,63149,0.02341
KRAMER,474,63023,0.02336
MCCORMICK,475,62663,0.02323
CLARKE,476,62546,0.02319
TYLER,477,62534,0.02318
GIBBS,478,62514,0.02317
MOODY,479,62344,0.02311
CONNER,480,62335,0.02311
SPARKS,481,62234,0.02307
MCGUIRE,482,62116,0.02303
LEON,483,62034,0.023
BAUER,484,61979,0.02298
NORTON,485,61805,0.02291
POPE,486,61750,0.02289
FLYNN,487,61747,0.02289
HOGAN,488,61651,0.02285
ROBLES,489,61619,0.02284
SALINAS,490,61582,0.02283
YATES,491,61400,0.02276
LINDSEY,492,61199,0.02269
LLOYD,493,61154,0.02267
MARSH,494,60999,0.02261
MCBRIDE,495,60874,0.02257
OWEN,496,60461,0.02241
SOLIS,497,60045,0.02226
PHAM,498,59949,0.02222
LANG,499,59843,0.02218
PRATT,500,59801,0.02217
LARA,501,59731,0.02214
BROCK,502,59682,0.02212
BALLARD,503,59660,0.02212
TRUJILLO,504,59609,0.0221
SHAFFER,505,59227,0.02196
DRAKE,506,59055,0.02189
ROMAN,507,59020,0.02188
AGUIRRE,508,58918,0.02184
MORTON,509,58788,0.02179
STOKES,510,58687,0.02176
LAMB,511,58555,0.02171
PACHECO,512,58534,0.0217
PATRICK,513,58257,0.0216
COCHRAN,514,58233,0.02159
SHEPHERD,515,57935,0.02148
CAIN,516,57873,0.02145
BURNETT,517,57859,0.02145
HESS,518,57822,0.02143
LI,519,57786,0.02142
CERVANTES,520,57685,0.02138
OLSEN,521,57357,0.02126
BRIGGS,522,57297,0.02124
OCHOA,523,57210,0.02121
CABRERA,524,57171,0.02119
VELASQUEZ,525,57163,0.02119
MONTOYA,526,57075,0.02116
ROTH,527,57030,0.02114
MEYERS,528,56744,0.02103
CARDENAS,529,56618,0.02099
FUENTES,530,56441,0.02092
WEISS,531,56153,0.02082
HOOVER,532,56068,0.02078
WILKINS,532,56068,0.02078
NICHOLSON,534,55986,0.02075
UNDERWOOD,535,55973,0.02075
SHORT,536,55903,0.02072
CARSON,537,55821,0.02069
MORROW,538,55664,0.02063
COLON,539,55512,0.02058
HOLLOWAY,540,55466,0.02056
SUMMERS,541,55391,0.02053
BRYAN,542,55269,0.02049
PETERSEN,543,55185,0.02046
MCKENZIE,544,55084,0.02042
SERRANO,545,55057,0.02041
WILCOX,546,54987,0.02038
CAREY,547,54924,0.02036
CLAYTON,548,54875,0.02034
POOLE,549,54706,0.02028
CALDERON,550,54691,0.02027
GALLEGOS,551,54672,0.02027
GREER,552,54611,0.02024
RIVAS,553,54588,0.02024
GUERRA,554,54575,0.02023
DECKER,555,54450,0.02018
COLLIER,556,54414,0.02017
WALL,557,54401,0.02017
WHITAKER,558,54343,0.02014
BASS,559,54296,0.02013
FLOWERS,560,54277,0.02012
DAVENPORT,561,54206,0.02009
CONLEY,562,54194,0.02009
HOUSTON,563,54026,0.02003
HUFF,564,53892,0.01998
COPELAND,565,53771,0.01993
HOOD,566,53737,0.01992
MONROE,567,53475,0.01982
MASSEY,568,53459,0.01982
ROBERSON,569,53198,0.01972
COMBS,570,53180,0.01971
FRANCO,571,53161,0.01971
LARSEN,572,52963,0.01963
PITTMAN,573,52689,0.01953
RANDALL,574,52495,0.01946
SKINNER,575,52490,0.01946
WILKINSON,576,52483,0.01946
KIRBY,577,52473,0.01945
CAMERON,578,52439,0.01944
BRIDGES,579,52260,0.01937
ANTHONY,580,52146,0.01933
RICHARD,581,52138,0.01933
KIRK,582,52056,0.0193
BRUCE,583,52004,0.01928
SINGLETON,584,51797,0.0192
MATHIS,585,51796,0.0192
BRADFORD,586,51726,0.01917
BOONE,587,51679,0.01916
ABBOTT,588,51620,0.01914
CHARLES,589,51518,0.0191
ALLISON,590,51504,0.01909
SWEENEY,591,51500,0.01909
ATKINSON,592,51489,0.01909
HORN,593,51380,0.01905
JEFFERSON,594,51361,0.01904
ROSALES,595,51336,0.01903
YORK,596,51334,0.01903
CHRISTIAN,597,51177,0.01897
PHELPS,598,51154,0.01896
FARRELL,599,51095,0.01894
CASTANEDA,600,51089,0.01894
NASH,601,51021,0.01891
DICKERSON,602,51017,0.01891
BOND,603,50980,0.0189
WYATT,604,50874,0.01886
FOLEY,605,50852,0.01885
CHASE,606,50777,0.01882
GATES,607,50748,0.01881
VINCENT,608,50628,0.01877
MATHEWS,609,50608,0.01876
HODGE,610,50577,0.01875
GARRISON,611,50482,0.01871
TREVINO,612,50454,0.0187
VILLARREAL,613,50351,0.01866
HEATH,614,50307,0.01865
DALTON,615,50166,0.0186
VALENCIA,616,50026,0.01854
CALLAHAN,617,49925,0.01851
HENSLEY,618,49858,0.01848
ATKINS,619,49754,0.01844
HUFFMAN,620,49737,0.01844
ROY,621,49725,0.01843
BOYER,622,49601,0.01839
SHIELDS,623,49556,0.01837
LIN,624,49360,0.0183
HANCOCK,625,49330,0.01829
GRIMES,626,49245,0.01825
GLENN,627,49241,0.01825
CLINE,628,49167,0.01823
DELACRUZ,629,49158,0.01822
CAMACHO,630,49000,0.01816
DILLON,631,48833,0.0181
PARRISH,632,48823,0.0181
ONEILL,633,48656,0.01804
MELTON,634,48594,0.01801
BOOTH,635,48580,0.01801
KANE,636,48527,0.01799
BERG,637,48480,0.01797
HARRELL,638,48471,0.01797
PITTS,639,48462,0.01796
SAVAGE,640,48367,0.01793
WIGGINS,641,48355,0.01793
BRENNAN,642,48296,0.0179
SALAS,643,48282,0.0179
MARKS,644,48281,0.0179
RUSSO,645,48126,0.01784
SAWYER,646,47979,0.01779
BAXTER,647,47857,0.01774
GOLDEN,648,47839,0.01773
HUTCHINSON,649,47809,0.01772
LIU,650,47665,0.01767
WALTER,651,47615,0.01765
MCDOWELL,652,47526,0.01762
WILEY,653,47503,0.01761
RICH,654,47477,0.0176
HUMPHREY,655,47470,0.0176
JOHNS,656,47289,0.01753
KOCH,657,47286,0.01753
SUAREZ,658,47235,0.01751
HOBBS,659,47220,0.0175
BEARD,660,47128,0.01747
GILMORE,661,47050,0.01744
IBARRA,662,46895,0.01738
KEITH,663,46747,0.01733
MACIAS,664,46739,0.01733
KHAN,665,46713,0.01732
ANDRADE,666,46702,0.01731
WARE,667,46682,0.0173
STEPHENSON,668,46662,0.0173
HENSON,669,46609,0.01728
WILKERSON,670,46605,0.01728
DYER,671,46574,0.01726
MCCLURE,672,46505,0.01724
BLACKWELL,673,46495,0.01724
MERCADO,674,46437,0.01721
TANNER,675,46412,0.0172
EATON,676,46403,0.0172
CLAY,677,46264,0.01715
BARRON,678,46196,0.01712
BEASLEY,679,46179,0.01712
ONEAL,680,46161,0.01711
PRESTON,681,45850,0.017
SMALL,681,45850,0.017
WU,683,45815,0.01698
ZAMORA,684,45806,0.01698
MACDONALD,685,45782,0.01697
VANCE,686,45763,0.01696
SNOW,687,45689,0.01694
MCCLAIN,688,45560,0.01689
STAFFORD,689,45349,0.01681
OROZCO,690,45289,0.01679
BARRY,691,45044,0.0167
ENGLISH,692,45032,0.01669
SHANNON,693,44902,0.01665
KLINE,694,44900,0.01664
JACOBSON,695,44874,0.01663
WOODARD,696,44830,0.01662
HUANG,697,44715,0.01658
KEMP,698,44701,0.01657
MOSLEY,699,44698,0.01657
PRINCE,700,44640,0.01655
MERRITT,701,44626,0.01654
HURST,702,44587,0.01653
VILLANUEVA,703,44570,0.01652
ROACH,704,44454,0.01648
NOLAN,705,44421,0.01647
LAM,706,44385,0.01645
YODER,707,44245,0.0164
MCCULLOUGH,708,44123,0.01636
LESTER,709,43919,0.01628
SANTANA,710,43875,0.01626
VALENZUELA,711,43770,0.01623
WINTERS,712,43762,0.01622
BARRERA,713,43720,0.01621
LEACH,714,43666,0.01619
ORR,714,43666,0.01619
BERGER,716,43556,0.01615
MCKEE,717,43555,0.01615
STRONG,718,43430,0.0161
CONWAY,719,43395,0.01609
STEIN,720,43331,0.01606
WHITEHEAD,721,43310,0.01605
BULLOCK,722,43021,0.01595
ESCOBAR,723,42955,0.01592
KNOX,724,42937,0.01592
MEADOWS,725,42884,0.0159
SOLOMON,726,42839,0.01588
VELEZ,727,42820,0.01587
ODONNELL,728,42802,0.01587
KERR,729,42758,0.01585
STOUT,730,42669,0.01582
BLANKENSHIP,731,42663,0.01582
BROWNING,732,42642,0.01581
KENT,733,42597,0.01579
LOZANO,734,42567,0.01578
BARTLETT,735,42512,0.01576
PRUITT,736,42463,0.01574
BUCK,737,42441,0.01573
BARR,738,42432,0.01573
GAINES,739,42369,0.01571
DURHAM,740,42365,0.0157
GENTRY,741,42357,0.0157
MCINTYRE,742,42335,0.01569
SLOAN,743,42281,0.01567
MELENDEZ,744,42139,0.01562
ROCHA,744,42139,0.01562
HERMAN,746,42091,0.0156
SEXTON,747,42080,0.0156
MOON,748,42062,0.01559
HENDRICKS,749,41879,0.01552
RANGEL,750,41868,0.01552
STARK,751,41863,0.01552
LOWERY,752,41670,0.01545
HARDIN,753,41664,0.01544
HULL,754,41656,0.01544
SELLERS,755,41561,0.01541
ELLISON,756,41459,0.01537
CALHOUN,757,41452,0.01537
GILLESPIE,758,41393,0.01534
MORA,759,41348,0.01533
KNAPP,760,41267,0.0153
MCCALL,761,41231,0.01528
MORSE,762,41112,0.01524
DORSEY,763,41104,0.01524
WEEKS,764,41053,0.01522
NIELSEN,765,41007,0.0152
LIVINGSTON,766,40964,0.01519
LEBLANC,767,40923,0.01517
MCLEAN,768,40871,0.01515
BRADSHAW,769,40794,0.01512
GLASS,770,40724,0.0151
MIDDLETON,771,40708,0.01509
BUCKLEY,772,40706,0.01509
SCHAEFER,773,40663,0.01507
FROST,774,40582,0.01504
HOWE,775,40555,0.01503
HOUSE,776,40477,0.015
MCINTOSH,777,40453,0.015
HO,778,40413,0.01498
PENNINGTON,779,40339,0.01495
REILLY,780,40310,0.01494
HEBERT,781,40283,0.01493
MCFARLAND,782,40244,0.01492
HICKMAN,783,40224,0.01491
NOBLE,784,40217,0.01491
SPEARS,785,40203,0.0149
CONRAD,786,40102,0.01487
ARIAS,787,40086,0.01486
GALVAN,788,40046,0.01484
VELAZQUEZ,789,40030,0.01484
HUYNH,790,40011,0.01483
FREDERICK,791,39909,0.01479
RANDOLPH,792,39742,0.01473
CANTU,793,39601,0.01468
FITZPATRICK,794,39501,0.01464
MAHONEY,795,39440,0.01462
PECK,796,39432,0.01462
VILLA,797,39402,0.01461
MICHAEL,798,39369,0.01459
DONOVAN,799,39270,0.01456
MCCONNELL,800,39203,0.01453
WALLS,801,39166,0.01452
BOYLE,802,39141,0.01451
MAYER,803,39111,0.0145
ZUNIGA,804,39057,0.01448
GILES,805,39002,0.01446
PINEDA,806,38999,0.01446
PACE,807,38975,0.01445
HURLEY,808,38971,0.01445
MAYS,809,38914,0.01443
MCMILLAN,810,38896,0.01442
CROSBY,811,38844,0.0144
AYERS,812,38836,0.0144
CASE,813,38759,0.01437
BENTLEY,814,38714,0.01435
SHEPARD,815,38705,0.01435
EVERETT,816,38702,0.01435
PUGH,817,38691,0.01434
DAVID,818,38659,0.01433
MCMAHON,819,38557,0.01429
DUNLAP,820,38516,0.01428
BENDER,821,38464,0.01426
HAHN,822,38354,0.01422
HARDING,823,38340,0.01421
ACEVEDO,824,38232,0.01417
RAYMOND,825,38158,0.01415
BLACKBURN,826,38137,0.01414
DUFFY,827,37962,0.01407
LANDRY,828,37961,0.01407
DOUGHERTY,829,37903,0.01405
BAUTISTA,830,37847,0.01403
SHAH,831,37833,0.01402
POTTS,832,37687,0.01397
ARROYO,833,37678,0.01397
VALENTINE,834,37669,0.01396
MEZA,835,37662,0.01396
GOULD,836,37660,0.01396
VAUGHAN,837,37591,0.01393
FRY,838,37542,0.01392
RUSH,839,37470,0.01389
AVERY,840,37440,0.01388
HERRING,841,37353,0.01385
DODSON,842,37298,0.01383
CLEMENTS,843,37237,0.0138
SAMPSON,844,37234,0.0138
TAPIA,845,37201,0.01379
BEAN,846,37145,0.01377
LYNN,847,37125,0.01376
CRANE,848,37123,0.01376
FARLEY,849,37116,0.01376
CISNEROS,850,37050,0.01373
BENTON,851,37032,0.01373
ASHLEY,852,37021,0.01372
MCKAY,853,36948,0.0137
FINLEY,854,36874,0.01367
BEST,855,36862,0.01366
BLEVINS,856,36841,0.01366
FRIEDMAN,857,36833,0.01365
MOSES,858,36814,0.01365
SOSA,859,36813,0.01365
BLANCHARD,860,36764,0.01363
HUBER,861,36729,0.01362
FRYE,862,36716,0.01361
KRUEGER,863,36694,0.0136
BERNARD,864,36546,0.01355
ROSARIO,865,36539,0.01354
RUBIO,866,36531,0.01354
MULLEN,867,36442,0.01351
BENJAMIN,868,36439,0.01351
HALEY,869,36433,0.01351
CHUNG,870,36422,0.0135
MOYER,871,36421,0.0135
CHOI,872,36390,0.01349
HORNE,873,36288,0.01345
YU,874,36285,0.01345
WOODWARD,875,36242,0.01343
ALI,876,36079,0.01337
NIXON,877,36037,0.01336
HAYDEN,878,36024,0.01335
RIVERS,879,35980,0.01334
ESTES,880,35839,0.01329
MCCARTY,881,35718,0.01324
RICHMOND,882,35715,0.01324
STUART,883,35701,0.01323
MAYNARD,884,35648,0.01321
BRANDT,885,35616,0.0132
OCONNELL,886,35610,0.0132
HANNA,887,35599,0.0132
SANFORD,888,35565,0.01318
SHEPPARD,889,35554,0.01318
CHURCH,890,35539,0.01317
BURCH,891,35521,0.01317
LEVY,892,35464,0.01315
RASMUSSEN,893,35453,0.01314
COFFEY,894,35442,0.01314
PONCE,895,35400,0.01312
FAULKNER,896,35389,0.01312
DONALDSON,897,35387,0.01312
SCHMITT,898,35326,0.0131
NOVAK,899,35282,0.01308
COSTA,900,35227,0.01306
MONTES,901,35196,0.01305
BOOKER,902,35101,0.01301
CORDOVA,903,35074,0.013
WALLER,904,35001,0.01297
ARELLANO,905,34999,0.01297
MADDOX,906,34970,0.01296
MATA,907,34888,0.01293
BONILLA,908,34824,0.01291
STANTON,909,34812,0.0129
COMPTON,910,34788,0.0129
KAUFMAN,911,34786,0.0129
DUDLEY,912,34770,0.01289
MCPHERSON,913,34763,0.01289
BELTRAN,914,34736,0.01288
DICKSON,915,34698,0.01286
MCCANN,916,34692,0.01286
VILLEGAS,917,34684,0.01286
PROCTOR,918,34682,0.01286
HESTER,919,34675,0.01285
CANTRELL,920,34674,0.01285
DAUGHERTY,921,34650,0.01284
CHERRY,922,34615,0.01283
BRAY,923,34575,0.01282
DAVILA,924,34541,0.0128
ROWLAND,925,34498,0.01279
LEVINE,926,34472,0.01278
MADDEN,926,34472,0.01278
SPENCE,928,34435,0.01276
GOOD,929,34430,0.01276
IRWIN,930,34374,0.01274
WERNER,931,34352,0.01273
KRAUSE,932,34345,0.01273
PETTY,933,34278,0.01271
WHITNEY,934,34251,0.0127
BAIRD,935,34233,0.01269
HOOPER,936,34084,0.01263
POLLARD,937,34079,0.01263
ZAVALA,938,34068,0.01263
JARVIS,939,34050,0.01262
HOLDEN,940,34041,0.01262
HAAS,941,34032,0.01262
HENDRIX,941,34032,0.01262
MCGRATH,943,34031,0.01262
BIRD,944,33962,0.01259
LUCERO,945,33922,0.01257
TERRELL,946,33914,0.01257
RIGGS,947,33868,0.01255
JOYCE,948,33843,0.01255
MERCER,949,33797,0.01253
ROLLINS,949,33797,0.01253
GALLOWAY,951,33773,0.01252
DUKE,952,33745,0.01251
ODOM,953,33717,0.0125
ANDERSEN,954,33508,0.01242
DOWNS,955,33494,0.01242
HATFIELD,956,33464,0.01241
BENITEZ,957,33441,0.0124
ARCHER,958,33411,0.01239
HUERTA,959,33348,0.01236
TRAVIS,960,33339,0.01236
MCNEIL,961,33239,0.01232
HINTON,962,33209,0.01231
ZHANG,963,33202,0.01231
HAYS,964,33194,0.0123
MAYO,965,33126,0.01228
FRITZ,966,33068,0.01226
BRANCH,967,33040,0.01225
MOONEY,968,32953,0.01222
EWING,969,32925,0.01221
RITTER,970,32864,0.01218
ESPARZA,971,32772,0.01215
FREY,972,32735,0.01213
BRAUN,973,32676,0.01211
GAY,974,32672,0.01211
RIDDLE,975,32654,0.0121
HANEY,976,32644,0.0121
KAISER,977,32567,0.01207
HOLDER,978,32466,0.01204
CHANEY,979,32433,0.01202
MCKNIGHT,980,32386,0.01201
GAMBLE,981,32377,0.012
VANG,982,32333,0.01199
COOLEY,983,32287,0.01197
CARNEY,984,32282,0.01197
COWAN,985,32242,0.01195
FORBES,986,32228,0.01195
FERRELL,987,32174,0.01193
DAVIES,988,32165,0.01192
BARAJAS,989,32147,0.01192
SHEA,990,32069,0.01189
OSBORN,991,32044,0.01188
BRIGHT,992,32042,0.01188
CUEVAS,993,32015,0.01187
BOLTON,994,31995,0.01186
MURILLO,995,31964,0.01185
LUTZ,996,31940,0.01184
DUARTE,997,31896,0.01182
KIDD,998,31886,0.01182
KEY,999,31882,0.01182
COOKE,1000,31860,0.01181
